{"type":0,"name":"glycidamide","shortName":"UNIMOD:1014","neutralLosses":[],"reporterIons":[],"pattern":{"target":0,"length":1,"residueTargeted":{"0":["K"]}
}
,"atomChainAdded":{"atomChain":[{"atom":{"monoisotopicMass":1.00782503207,"isotopeMap":{"0":1.00782503207,"1":2.0141017778}
,"representativeComposition":{"0":0.999885,"1":1.15E-4}
,"name":"Hydrogen","letter":"H"}
,"isotope":0}
,{"atom":{"monoisotopicMass":1.00782503207,"isotopeMap":{"0":1.00782503207,"1":2.0141017778}
,"representativeComposition":{"0":0.999885,"1":1.15E-4}
,"name":"Hydrogen","letter":"H"}
,"isotope":0}
,{"atom":{"monoisotopicMass":1.00782503207,"isotopeMap":{"0":1.00782503207,"1":2.0141017778}
,"representativeComposition":{"0":0.999885,"1":1.15E-4}
,"name":"Hydrogen","letter":"H"}
,"isotope":0}
,{"atom":{"monoisotopicMass":1.00782503207,"isotopeMap":{"0":1.00782503207,"1":2.0141017778}
,"representativeComposition":{"0":0.999885,"1":1.15E-4}
,"name":"Hydrogen","letter":"H"}
,"isotope":0}
,{"atom":{"monoisotopicMass":1.00782503207,"isotopeMap":{"0":1.00782503207,"1":2.0141017778}
,"representativeComposition":{"0":0.999885,"1":1.15E-4}
,"name":"Hydrogen","letter":"H"}
,"isotope":0}
,{"atom":{"monoisotopicMass":12.0,"isotopeMap":{"-1":11.0114336,"0":12.0,"-2":10.0168532,"1":13.0033548378,"-3":9.0310367,"2":14.003241989,"-4":8.037675,"3":15.0105993,"4":16.014701,"5":17.022586,"6":18.02676,"7":19.03481,"8":20.04032,"9":21.04934,"10":22.0572}
,"representativeComposition":{"0":0.9893,"1":0.0107}
,"name":"Carbon","letter":"C"}
,"isotope":0}
,{"atom":{"monoisotopicMass":12.0,"isotopeMap":{"-1":11.0114336,"0":12.0,"-2":10.0168532,"1":13.0033548378,"-3":9.0310367,"2":14.003241989,"-4":8.037675,"3":15.0105993,"4":16.014701,"5":17.022586,"6":18.02676,"7":19.03481,"8":20.04032,"9":21.04934,"10":22.0572}
,"representativeComposition":{"0":0.9893,"1":0.0107}
,"name":"Carbon","letter":"C"}
,"isotope":0}
,{"atom":{"monoisotopicMass":12.0,"isotopeMap":{"-1":11.0114336,"0":12.0,"-2":10.0168532,"1":13.0033548378,"-3":9.0310367,"2":14.003241989,"-4":8.037675,"3":15.0105993,"4":16.014701,"5":17.022586,"6":18.02676,"7":19.03481,"8":20.04032,"9":21.04934,"10":22.0572}
,"representativeComposition":{"0":0.9893,"1":0.0107}
,"name":"Carbon","letter":"C"}
,"isotope":0}
,{"atom":{"monoisotopicMass":14.0030740048,"isotopeMap":{"-1":13.00573861,"0":14.0030740048,"-2":12.0186132,"1":15.0001088982,"-3":11.02609,"2":16.0061017,"-4":10.04165,"3":17.00845,"4":18.014079,"5":19.017029,"6":20.02337,"7":21.02711,"8":22.03439,"9":23.04122,"10":24.05104,"11":25.06066}
,"representativeComposition":{"0":0.99636,"1":0.00364}
,"name":"Nitrogen","letter":"N"}
,"isotope":0}
,{"atom":{"monoisotopicMass":15.99491461956,"isotopeMap":{"-1":15.0030656,"0":15.99491461956,"-2":14.00859625,"1":16.9991317,"-3":13.024812,"2":17.999161,"-4":12.034405,"3":19.00358,"4":20.0040767,"5":21.008656,"6":22.00997,"7":23.01569,"8":24.02047}
,"representativeComposition":{"0":0.99757,"1":3.8E-4,"2":0.00205}
,"name":"Oxygen","letter":"O"}
,"isotope":0}
,{"atom":{"monoisotopicMass":15.99491461956,"isotopeMap":{"-1":15.0030656,"0":15.99491461956,"-2":14.00859625,"1":16.9991317,"-3":13.024812,"2":17.999161,"-4":12.034405,"3":19.00358,"4":20.0040767,"5":21.008656,"6":22.00997,"7":23.01569,"8":24.02047}
,"representativeComposition":{"0":0.99757,"1":3.8E-4,"2":0.00205}
,"name":"Oxygen","letter":"O"}
,"isotope":0}
],"addition":true}
,"atomChainRemoved":{"atomChain":[],"addition":false}
}
